{ new List<char> {''				'				''				''				''				'n'				"der
{ new List<char> {''				'				''				''				''				'h'				"die
{ new List<char> {''				'				''				''				'e'				''				"und
{ new List<char> {''				'				''				''				'e'				'n'				"in
{ new List<char> {''				'				''				''				'e'				'h'				"den
{ new List<char> {''				'				''				''				'c'				''				"von
{ new List<char> {''				'				''				''				'c'				'n'				"zu
{ new List<char> {''				'				''				''				'c'				'h'				"das
{ new List<char> {''				'				''				'r'				''				''				"mit
{ new List<char> {''				'				''				'r'				''				'n'				"sich
{ new List<char> {''				'				''				'r'				''				'h'				"des
{ new List<char> {''				'				''				'r'				'e'				''				"auf
{ new List<char> {''				'				''				'r'				'e'				'n'				"für
{ new List<char> {''				'				''				'r'				'e'				'h'				"ist
{ new List<char> {''				'				''				'r'				'c'				''				"im
{ new List<char> {''				'				''				'r'				'c'				'n'				"dem
{ new List<char> {''				'				''				'r'				'c'				'h'				"nicht
{ new List<char> {''				'				''				'g'				''				''				"ein
{ new List<char> {''				'				''				'g'				''				'n'				"Die
{ new List<char> {''				'				''				'g'				''				'h'				"eine
{ new List<char> {''				'				''				'g'				'e'				''				"als
{ new List<char> {''				'				''				'g'				'e'				'n'				"auch
{ new List<char> {''				'				''				'g'				'e'				'h'				"es
{ new List<char> {''				'				''				'g'				'c'				''				"an
{ new List<char> {''				'				''				'g'				'c'				'n'				"werden
{ new List<char> {''				'				''				'g'				'c'				'h'				"aus
{ new List<char> {''				'				'a'				''				''				''				"er
{ new List<char> {''				'				'a'				''				''				'n'				"hat
{ new List<char> {''				'				'a'				''				''				'h'				"daß
{ new List<char> {''				'				'a'				''				'e'				''				"sie
{ new List<char> {''				'				'a'				''				'e'				'n'				"nach
{ new List<char> {''				'				'a'				''				'e'				'h'				"wird
{ new List<char> {''				'				'a'				''				'c'				''				"bei
{ new List<char> {''				'				'a'				''				'c'				'n'				"einer
{ new List<char> {''				'				'a'				''				'c'				'h'				"Der
{ new List<char> {''				'				'a'				'r'				''				''				"um
{ new List<char> {''				'				'a'				'r'				''				'n'				"am
{ new List<char> {''				'				'a'				'r'				''				'h'				"sind
{ new List<char> {''				'				'a'				'r'				'e'				''				"noch
{ new List<char> {''				'				'a'				'r'				'e'				'n'				"wie
{ new List<char> {''				'				'a'				'r'				'e'				'h'				"einem
{ new List<char> {''				'				'a'				'r'				'c'				''				"über
{ new List<char> {''				'				'a'				'r'				'c'				'n'				"einen
{ new List<char> {''				'				'a'				'r'				'c'				'h'				"Das
{ new List<char> {''				'				'a'				'g'				''				''				"so
{ new List<char> {''				'				'a'				'g'				''				'n'				"Sie
{ new List<char> {''				'				'a'				'g'				''				'h'				"zum
{ new List<char> {''				'				'a'				'g'				'e'				''				"war
{ new List<char> {''				'				'a'				'g'				'e'				'n'				"haben
{ new List<char> {''				'				'a'				'g'				'e'				'h'				"nur
{ new List<char> {''				'				'a'				'g'				'c'				''				"oder
{ new List<char> {''				'				'a'				'g'				'c'				'n'				"aber
{ new List<char> {''				'				'a'				'g'				'c'				'h'				"vor
{ new List<char> {''				'				'l'				''				''				''				"zur
{ new List<char> {''				'				'l'				''				''				'n'				"bis
{ new List<char> {''				'				'l'				''				''				'h'				"mehr
{ new List<char> {''				'				'l'				''				'e'				''				"durch
{ new List<char> {''				'				'l'				''				'e'				'n'				"man
{ new List<char> {''				'				'l'				''				'e'				'h'				"sein
{ new List<char> {''				'				'l'				''				'c'				''				"wurde
{ new List<char> {''				'				'l'				''				'c'				'n'				"sei
{ new List<char> {''				'				'l'				''				'c'				'h'				"In
{ new List<char> {''				'				'l'				'r'				''				''				"Prozent
{ new List<char> {''				'				'l'				'r'				''				'n'				"hatte
{ new List<char> {''				'				'l'				'r'				''				'h'				"kann
{ new List<char> {''				'				'l'				'r'				'e'				''				"gegen
{ new List<char> {''				'				'l'				'r'				'e'				'n'				"vom
{ new List<char> {''				'				'l'				'r'				'e'				'h'				"können
{ new List<char> {''				'				'l'				'r'				'c'				''				"schon
{ new List<char> {''				''				'l'				'r'				'c'				'n'				"wenn
{ new List<char> {''				''				'l'				'r'				'c'				'h'				"habe
{ new List<char> {''				''				'l'				'g'				''				''				"seine
{ new List<char> {''				''				'l'				'g'				''				'n'				"Mark
{ new List<char> {''				''				'l'				'g'				''				'h'				"ihre
{ new List<char> {''				''				'l'				'g'				'e'				''				"dann
{ new List<char> {''				''				'l'				'g'				'e'				'n'				"unter
{ new List<char> {''				''				'l'				'g'				'e'				'h'				"wir
{ new List<char> {''				''				'l'				'g'				'c'				''				"soll
{ new List<char> {''				''				'l'				'g'				'c'				'n'				"ich
{ new List<char> {''				''				'l'				'g'				'c'				'h'				"eines
{ new List<char> {''				't'				''				''				''				''				"Es
{ new List<char> {''				't'				''				''				''				'n'				"Jahr
{ new List<char> {''				't'				''				''				''				'h'				"zwei
{ new List<char> {''				't'				''				''				'e'				''				"Jahren
{ new List<char> {''				't'				''				''				'e'				'n'				"diese
{ new List<char> {''				't'				''				''				'e'				'h'				"dieser
{ new List<char> {''				't'				''				''				'c'				''				"wieder
{ new List<char> {''				't'				''				''				'c'				'n'				"keine
{ new List<char> {''				't'				''				''				'c'				'h'				"Uhr
{ new List<char> {''				't'				''				'r'				''				''				"seiner
{ new List<char> {''				't'				''				'r'				''				'n'				"worden
{ new List<char> {''				't'				''				'r'				''				'h'				"Und
{ new List<char> {''				't'				''				'r'				'e'				''				"will
{ new List<char> {''				't'				''				'r'				'e'				'n'				"zwischen
{ new List<char> {''				't'				''				'r'				'e'				'h'				"Im
{ new List<char> {''				't'				''				'r'				'c'				''				"immer
{ new List<char> {''				't'				''				'r'				'c'				'n'				"Millionen
{ new List<char> {''				't'				''				'r'				'c'				'h'				"Ein
{ new List<char> {''				't'				''				'g'				''				''				"was
{ new List<char> {''				't'				''				'g'				''				'n'				"sagte
{ new List<char> {''				't'				''				'g'				''				'h'				"Er
{ new List<char> {''				't'				''				'g'				'e'				''				"gibt
{ new List<char> {''				't'				''				'g'				'e'				'n'				"alle
{ new List<char> {''				't'				''				'g'				'e'				'h'				"DM
{ new List<char> {''				't'				''				'g'				'c'				''				"diesem
{ new List<char> {''				't'				''				'g'				'c'				'n'				"seit
{ new List<char> {''				't'				''				'g'				'c'				'h'				"muß
{ new List<char> {''				't'				'a'				''				''				''				"wurden
{ new List<char> {''				't'				'a'				''				''				'n'				"beim
{ new List<char> {''				't'				'a'				''				''				'h'				"doch
{ new List<char> {''				't'				'a'				''				'e'				''				"jetzt
{ new List<char> {''				't'				'a'				''				'e'				'n'				"waren
{ new List<char> {''				't'				'a'				''				'e'				'h'				"drei
{ new List<char> {''				't'				'a'				''				'c'				''				"Jahre
{ new List<char> {''				't'				'a'				''				'c'				'n'				"Mit
{ new List<char> {''				't'				'a'				''				'c'				'h'				"neue
{ new List<char> {''				't'				'a'				'r'				''				''				"neuen
{ new List<char> {''				't'				'a'				'r'				''				'n'				"damit
{ new List<char> {''				't'				'a'				'r'				''				'h'				"bereits
{ new List<char> {''				't'				'a'				'r'				'e'				''				"da
{ new List<char> {''				't'				'a'				'r'				'e'				'n'				"Auch
{ new List<char> {''				't'				'a'				'r'				'e'				'h'				"ihr
{ new List<char> {''				't'				'a'				'r'				'c'				''				"seinen
{ new List<char> {''				't'				'a'				'r'				'c'				'n'				"müssen
{ new List<char> {''				't'				'a'				'r'				'c'				'h'				"ab
{ new List<char> {''				't'				'a'				'g'				''				''				"ihrer
{ new List<char> {''				't'				'a'				'g'				''				'n'				"Nach
{ new List<char> {''				't'				'a'				'g'				''				'h'				"ohne
{ new List<char> {''				't'				'a'				'g'				'e'				''				"sondern
{ new List<char> {''				't'				'a'				'g'				'e'				'n'				"selbst
{ new List<char> {''				't'				'a'				'g'				'e'				'h'				"ersten
{ new List<char> {''				't'				'a'				'g'				'c'				''				"nun
{ new List<char> {''				't'				'a'				'g'				'c'				'n'				"etwa
{ new List<char> {''				't'				'a'				'g'				'c'				'h'				"Bei
{ new List<char> {''				't'				'l'				''				''				''				"heute
{ new List<char> {''				't'				'l'				''				''				'n'				"ihren
{ new List<char> {''				't'				'l'				''				''				'h'				"weil
{ new List<char> {''				't'				'l'				''				'e'				''				"ihm
{ new List<char> {''				't'				'l'				''				'e'				'n'				"seien
{ new List<char> {''				't'				'l'				''				'e'				'h'				"Menschen
{ new List<char> {''				't'				'l'				''				'c'				''				"Deutschland
{ new List<char> {''				't'				'l'				''				'c'				'n'				"anderen
{ new List<char> {''				't'				'l'				''				'c'				'h'				"werde
{ new List<char> {''				't'				'l'				'r'				''				''				"Ich
{ new List<char> {''				't'				'l'				'r'				''				'n'				"sagt
{ new List<char> {''				't'				'l'				'r'				''				'h'				"Wir
{ new List<char> {''				't'				'l'				'r'				'e'				''				"Eine
{ new List<char> {''				't'				'l'				'r'				'e'				'n'				"rund
{ new List<char> {''				't'				'l'				'r'				'e'				'h'				"Für
{ new List<char> {''				't'				'l'				'r'				'c'				''				"Aber
{ new List<char> {''				't'				'l'				'r'				'c'				'n'				"ihn
{ new List<char> {''				't'				'l'				'r'				'c'				'h'				"Ende
{ new List<char> {''				't'				'l'				'g'				''				''				"jedoch
{ new List<char> {''				't'				'l'				'g'				''				'n'				"Zeit
{ new List<char> {''				't'				'l'				'g'				''				'h'				"sollen
{ new List<char> {''				't'				'l'				'g'				'e'				''				"ins
{ new List<char> {''				't'				'l'				'g'				'e'				'n'				"Wenn
{ new List<char> {''				't'				'l'				'g'				'e'				'h'				"So
{ new List<char> {''				't'				'l'				'g'				'c'				''				"seinem
{ new List<char> {''				't'				'l'				'g'				'c'				'n'				"uns
{ new List<char> {''				't'				'l'				'g'				'c'				'h'				"Stadt
{ new List<char> {''				'f'				''				''				''				''				"geht
{ new List<char> {''				'f'				''				''				''				'n'				"Doch
{ new List<char> {''				'f'				''				''				''				'h'				"sehr
{ new List<char> {''				'f'				''				''				'e'				''				"hier
{ new List<char> {''				'f'				''				''				'e'				'n'				"ganz
{ new List<char> {''				'f'				''				''				'e'				'h'				"erst
{ new List<char> {''				'f'				''				''				'c'				''				"wollen
{ new List<char> {''				'f'				''				''				'c'				'n'				"Berlin
{ new List<char> {''				'f'				''				''				'c'				'h'				"vor allem
{ new List<char> {''				'f'				''				'r'				''				''				"sowie
{ new List<char> {''				'f'				''				'r'				''				'n'				"hatten
{ new List<char> {''				'f'				''				'r'				''				'h'				"kein
{ new List<char> {''				'f'				''				'r'				'e'				''				"deutschen
{ new List<char> {''				'f'				''				'r'				'e'				'n'				"machen
{ new List<char> {''				'f'				''				'r'				'e'				'h'				"lassen
{ new List<char> {''				'f'				''				'r'				'c'				''				"Als
{ new List<char> {''				'f'				''				'r'				'c'				'n'				"Unternehmen
{ new List<char> {''				'f'				''				'r'				'c'				'h'				"andere
{ new List<char> {''				'f'				''				'g'				''				''				"ob
{ new List<char> {''				'f'				''				'g'				''				'n'				"dieses
{ new List<char> {''				'f'				''				'g'				''				'h'				"steht
{ new List<char> {''				'f'				''				'g'				'e'				''				"dabei
{ new List<char> {''				'f'				''				'g'				'e'				'n'				"wegen
{ new List<char> {''				'f'				''				'g'				'e'				'h'				"weiter
{ new List<char> {''				'f'				''				'g'				'c'				''				"denn
{ new List<char> {''				'f'				''				'g'				'c'				'n'				"beiden
{ new List<char> {''				'f'				''				'g'				'c'				'h'				"einmal
{ new List<char> {''				'f'				'a'				''				''				''				"etwas
{ new List<char> {''				'f'				'a'				''				''				'n'				"Wie
{ new List<char> {''				'f'				'a'				''				''				'h'				"nichts
{ new List<char> {''				'f'				'a'				''				'e'				''				"allerdings
{ new List<char> {''				'f'				'a'				''				'e'				'n'				"vier
{ new List<char> {''				'f'				'a'				''				'e'				'h'				"gut
{ new List<char> {''				'f'				'a'				''				'c'				''				"viele
{ new List<char> {''				'f'				'a'				''				'c'				'n'				"wo
{ new List<char> {''				'f'				'a'				''				'c'				'h'				"viel
{ new List<char> {''				'f'				'a'				'r'				''				''				"dort
{ new List<char> {''				'f'				'a'				'r'				''				'n'				"alles
{ new List<char> {''				'f'				'a'				'r'				''				'h'				"Auf
{ new List<char> {''				'f'				'a'				'r'				'e'				''				"wäre
{ new List<char> {''				'f'				'a'				'r'				'e'				'n'				"SPD
{ new List<char> {''				'f'				'a'				'r'				'e'				'h'				"kommt
{ new List<char> {''				'f'				'a'				'r'				'c'				''				"vergangenen
{ new List<char> {''				'f'				'a'				'r'				'c'				'n'				"denen
{ new List<char> {''				'f'				'a'				'r'				'c'				'h'				"fast
{ new List<char> {''				'f'				'a'				'g'				''				''				"fünf
{ new List<char> {''				'f'				'a'				'g'				''				'n'				"könnte
{ new List<char> {''				'f'				'a'				'g'				''				'h'				"nicht nur
{ new List<char> {''				'f'				'a'				'g'				'e'				''				"hätten
{ new List<char> {''				'f'				'a'				'g'				'e'				'n'				"Frau
{ new List<char> {''				'f'				'a'				'g'				'e'				'h'				"Am
{ new List<char> {''				'f'				'a'				'g'				'c'				''				"dafür
{ new List<char> {''				'f'				'a'				'g'				'c'				'n'				"kommen
{ new List<char> {''				'f'				'a'				'g'				'c'				'h'				"diesen
{ new List<char> {''				'f'				'l'				''				''				''				"letzten
{ new List<char> {''				'f'				'l'				''				''				'n'				"zwar
{ new List<char> {''				'f'				'l'				''				''				'h'				"Diese
{ new List<char> {''				'f'				'l'				''				'e'				''				"großen
{ new List<char> {''				'f'				'l'				''				'e'				'n'				"dazu
{ new List<char> {''				'f'				'l'				''				'e'				'h'				"Von
{ new List<char> {''				'f'				'l'				''				'c'				''				"Mann
{ new List<char> {''				'f'				'l'				''				'c'				'n'				"Da
{ new List<char> {''				'f'				'l'				''				'c'				'h'				"sollte
{ new List<char> {''				'f'				'l'				'r'				''				''				"würde
{ new List<char> {''				'f'				'l'				'r'				''				'n'				"also
{ new List<char> {''				'f'				'l'				'r'				''				'h'				"bisher
{ new List<char> {''				'f'				'l'				'r'				'e'				''				"Leben
{ new List<char> {''				'f'				'l'				'r'				'e'				'n'				"Milliarden
{ new List<char> {''				'f'				'l'				'r'				'e'				'h'				"Welt
{ new List<char> {''				'f'				'l'				'r'				'c'				''				"Regierung
{ new List<char> {''				'f'				'l'				'r'				'c'				'n'				"konnte
{ new List<char> {''				'f'				'l'				'r'				'c'				'h'				"ihrem
{ new List<char> {''				'f'				'l'				'g'				''				''				"Frauen
{ new List<char> {''				'f'				'l'				'g'				''				'n'				"während
{ new List<char> {''				'f'				'l'				'g'				''				'h'				"Land
{ new List<char> {''				'f'				'l'				'g'				'e'				''				"zehn
{ new List<char> {''				'f'				'l'				'g'				'e'				'n'				"würden
{ new List<char> {''				'f'				'l'				'g'				'e'				'h'				"stehen
{ new List<char> {''				'f'				'l'				'g'				'c'				''				"ja
{ new List<char> {''				'f'				'l'				'g'				'c'				'n'				"USA
{ new List<char> {''				'f'				'l'				'g'				'c'				'h'				"heißt
{ new List<char> {''				'f'				''				''				''				''				"dies
{ new List<char> {''				'f'				''				''				''				'n'				"zurück
{ new List<char> {''				'f'				''				''				''				'h'				"Kinder
{ new List<char> {''				'f'				''				''				'e'				''				"dessen
{ new List<char> {''				'f'				''				''				'e'				'n'				"ihnen
{ new List<char> {''				'f'				''				''				'e'				'h'				"deren
{ new List<char> {''				'f'				''				''				'c'				''				"sogar
{ new List<char> {''				'f'				''				''				'c'				'n'				"Frage
{ new List<char> {''				'f'				''				''				'c'				'h'				"gewesen
{ new List<char> {''				'f'				''				'r'				''				''				"erste
{ new List<char> {''				'f'				''				'r'				''				'n'				"gab
{ new List<char> {''				'f'				''				'r'				''				'h'				"liegt
{ new List<char> {''				'f'				''				'r'				'e'				''				"gar
{ new List<char> {''				'f'				''				'r'				'e'				'n'				"davon
{ new List<char> {''				'f'				''				'r'				'e'				'h'				"gestern
{ new List<char> {''				'f'				''				'r'				'c'				''				"geben
{ new List<char> {''				'f'				''				'r'				'c'				'n'				"Teil
{ new List<char> {''				'f'				''				'r'				'c'				'h'				"Polizei
{ new List<char> {''				'f'				''				'g'				''				''				"dass
{ new List<char> {''				'f'				''				'g'				''				'n'				"hätte
{ new List<char> {''				'f'				''				'g'				''				'h'				"eigenen
{ new List<char> {''				'f'				''				'g'				'e'				''				"kaum
{ new List<char> {''				'f'				''				'g'				'e'				'n'				"sieht
{ new List<char> {''				'f'				''				'g'				'e'				'h'				"große
{ new List<char> {''				'f'				''				'g'				'c'				''				"Denn
{ new List<char> {''				'f'				''				'g'				'c'				'n'				"weitere
{ new List<char> {''				'f'				''				'g'				'c'				'h'				"Was
{ new List<char> {''				'f'				'a'				''				''				''				"sehen
{ new List<char> {''				'f'				'a'				''				''				'n'				"macht
{ new List<char> {''				'f'				'a'				''				''				'h'				"Angaben
{ new List<char> {''				'f'				'a'				''				'e'				''				"weniger
{ new List<char> {''				'f'				'a'				''				'e'				'n'				"gerade
{ new List<char> {''				'f'				'a'				''				'e'				'h'				"läßt
{ new List<char> {''				'f'				'a'				''				'c'				''				"Geld
{ new List<char> {''				'f'				'a'				''				'c'				'n'				"München
{ new List<char> {''				'f'				'a'				''				'c'				'h'				"deutsche
{ new List<char> {''				'f'				'a'				'r'				''				''				"allen
{ new List<char> {''				'f'				'a'				'r'				''				'n'				"darauf
{ new List<char> {''				'f'				'a'				'r'				''				'h'				"wohl
{ new List<char> {''				'f'				'a'				'r'				'e'				''				"später
{ new List<char> {''				'f'				'a'				'r'				'e'				'n'				"könne
{ new List<char> {''				'f'				'a'				'r'				'e'				'h'				"deshalb
{ new List<char> {''				'f'				'a'				'r'				'c'				''				"aller
{ new List<char> {''				'f'				'a'				'r'				'c'				'n'				"kam
{ new List<char> {''				'f'				'a'				'r'				'c'				'h'				"Arbeit
{ new List<char> {''				'f'				'a'				'g'				''				''				"mich
{ new List<char> {''				'f'				'a'				'g'				''				'n'				"gegenüber
{ new List<char> {''				'f'				'a'				'g'				''				'h'				"nächsten
{ new List<char> {''				'f'				'a'				'g'				'e'				''				"bleibt
{ new List<char> {''				'f'				'a'				'g'				'e'				'n'				"wenig
{ new List<char> {''				'f'				'a'				'g'				'e'				'h'				"lange
{ new List<char> {''				'f'				'a'				'g'				'c'				''				"gemacht
{ new List<char> {''				'f'				'a'				'g'				'c'				'n'				"Wer
{ new List<char> {''				'f'				'a'				'g'				'c'				'h'				"Dies
{ new List<char> {''				'f'				'l'				''				''				''				"Fall
{ new List<char> {''				'f'				'l'				''				''				'n'				"mir
{ new List<char> {''				'f'				'l'				''				''				'h'				"gehen
{ new List<char> {''				'f'				'l'				''				'e'				''				"Berliner
{ new List<char> {''				'f'				'l'				''				'e'				'n'				"mal
{ new List<char> {''				'f'				'l'				''				'e'				'h'				"Weg
{ new List<char> {''				'f'				'l'				''				'c'				''				"CDU
{ new List<char> {''				'f'				'l'				''				'c'				'n'				"wollte
{ new List<char> {''				'f'				'l'				''				'c'				'h'				"sechs
{ new List<char> {''				'f'				'l'				'r'				''				''				"keinen
{ new List<char> {''				'f'				'l'				'r'				''				'n'				"Woche
{ new List<char> {''				'f'				'l'				'r'				''				'h'				"dagegen
{ new List<char> {''				'f'				'l'				'r'				'e'				''				"alten
{ new List<char> {''				'f'				'l'				'r'				'e'				'n'				"möglich
{ new List<char> {''				'f'				'l'				'r'				'e'				'h'				"gilt
{ new List<char> {''				'f'				'l'				'r'				'c'				''				"erklärte
{ new List<char> {''				'f'				'l'				'r'				'c'				'n'				"müsse
{ new List<char> {''				'f'				'l'				'r'				'c'				'h'				"Dabei
{ new List<char> {''				'f'				'l'				'g'				''				''				"könnten
{ new List<char> {''				'f'				'l'				'g'				''				'n'				"Geschichte
{ new List<char> {''				'f'				'l'				'g'				''				'h'				"zusammen
{ new List<char> {''				'f'				'l'				'g'				'e'				''				"finden
{ new List<char> {''				'f'				'l'				'g'				'e'				'n'				"Tag
{ new List<char> {''				'f'				'l'				'g'				'e'				'h'				"Art
{ new List<char> {''				'f'				'l'				'g'				'c'				''				"erhalten
{ new List<char> {''				'f'				'l'				'g'				'c'				'n'				"Man
{ new List<char> {''				'f'				'l'				'g'				'c'				'h'				"Dollar
{ new List<char> {''				'f'				''				''				''				''				"Wochen
{ new List<char> {''				'f'				''				''				''				'n'				"jeder
{ new List<char> {''				'f'				''				''				''				'h'				"nie
{ new List<char> {''				'f'				''				''				'e'				''				"bleiben
{ new List<char> {''				'f'				''				''				'e'				'n'				"besonders
{ new List<char> {''				'f'				''				''				'e'				'h'				"Jahres
{ new List<char> {''				'f'				''				''				'c'				''				"Deutschen
{ new List<char> {''				'f'				''				''				'c'				'n'				"Den
{ new List<char> {''				'f'				''				''				'c'				'h'				"Zu
{ new List<char> {''				'f'				''				'r'				''				''				"zunächst
{ new List<char> {''				'f'				''				'r'				''				'n'				"derzeit
{ new List<char> {''				'f'				''				'r'				''				'h'				"allein
{ new List<char> {''				'f'				''				'r'				'e'				''				"deutlich
{ new List<char> {''				'f'				''				'r'				'e'				'n'				"Entwicklung
{ new List<char> {''				'f'				''				'r'				'e'				'h'				"weiß
{ new List<char> {''				'f'				''				'r'				'c'				''				"einige
{ new List<char> {''				'f'				''				'r'				'c'				'n'				"sollten
{ new List<char> {''				'f'				''				'r'				'c'				'h'				"Präsident
{ new List<char> {''				'f'				''				'g'				''				''				"geworden
{ new List<char> {''				'f'				''				'g'				''				'n'				"statt
{ new List<char> {''				'f'				''				'g'				''				'h'				"Bonn
{ new List<char> {''				'f'				''				'g'				'e'				''				"Platz
{ new List<char> {''				'f'				''				'g'				'e'				'n'				"inzwischen
{ new List<char> {''				'f'				''				'g'				'e'				'h'				"Nur
{ new List<char> {''				'f'				''				'g'				'c'				''				"Freitag
{ new List<char> {''				'f'				''				'g'				'c'				'n'				"Um
{ new List<char> {''				'f'				''				'g'				'c'				'h'				"pro
{ new List<char> {''				'f'				'a'				''				''				''				"seines
{ new List<char> {''				'f'				'a'				''				''				'n'				"Damit
{ new List<char> {''				'f'				'a'				''				''				'h'				"Montag
{ new List<char> {''				'f'				'a'				''				'e'				''				"Europa
{ new List<char> {''				'f'				'a'				''				'e'				'n'				"schließlich
{ new List<char> {''				'f'				'a'				''				'e'				'h'				"Sonntag
{ new List<char> {''				'f'				'a'				''				'c'				''				"einfach
{ new List<char> {''				'f'				'a'				''				'c'				'n'				"gehört
{ new List<char> {''				'f'				'a'				''				'c'				'h'				"eher
{ new List<char> {''				'f'				'a'				'r'				''				''				"oft
{ new List<char> {''				'f'				'a'				'r'				''				'n'				"Zahl
{ new List<char> {''				'f'				'a'				'r'				''				'h'				"neben
{ new List<char> {''				'f'				'a'				'r'				'e'				''				"hält
{ new List<char> {''				'f'				'a'				'r'				'e'				'n'				"weit
{ new List<char> {''				'f'				'a'				'r'				'e'				'h'				"Partei
{ new List<char> {''				'f'				'a'				'r'				'c'				''				"meisten
{ new List<char> {''				'f'				'a'				'r'				'c'				'n'				"Thema
{ new List<char> {''				'f'				'a'				'r'				'c'				'h'				"zeigt
{ new List<char> {''				'f'				'a'				'g'				''				''				"Politik
{ new List<char> {''				'f'				'a'				'g'				''				'n'				"Aus
{ new List<char> {''				'f'				'a'				'g'				''				'h'				"zweiten
{ new List<char> {''				'f'				'a'				'g'				'e'				''				"Januar
{ new List<char> {''				'f'				'a'				'g'				'e'				'n'				"insgesamt
{ new List<char> {''				'f'				'a'				'g'				'e'				'h'				"je
{ new List<char> {''				'f'				'a'				'g'				'c'				''				"mußte
{ new List<char> {''				'f'				'a'				'g'				'c'				'n'				"Anfang
{ new List<char> {''				'f'				'a'				'g'				'c'				'h'				"hinter
{ new List<char> {''				'f'				'l'				''				''				''				"ebenfalls
{ new List<char> {''				'f'				'l'				''				''				'n'				"ging
{ new List<char> {''				'f'				'l'				''				''				'h'				"Mitarbeiter
{ new List<char> {''				'f'				'l'				''				'e'				''				"darüber
{ new List<char> {''				'f'				'l'				''				'e'				'n'				"vielen
{ new List<char> {''				'f'				'l'				''				'e'				'h'				"Ziel
{ new List<char> {''				'f'				'l'				''				'c'				''				"darf
{ new List<char> {''				'f'				'l'				''				'c'				'n'				"Seite
{ new List<char> {''				'f'				'l'				''				'c'				'h'				"fest
{ new List<char> {''				'f'				'l'				'r'				''				''				"hin
{ new List<char> {''				'f'				'l'				'r'				''				'n'				"erklärt
{ new List<char> {''				'f'				'l'				'r'				''				'h'				"Namen
{ new List<char> {''				'f'				'l'				'r'				'e'				''				"Haus
{ new List<char> {''				'f'				'l'				'r'				'e'				'n'				"An
{ new List<char> {''				'f'				'l'				'r'				'e'				'h'				"Frankfurt
{ new List<char> {''				'f'				'l'				'r'				'c'				''				"Gesellschaft
{ new List<char> {''				'f'				'l'				'r'				'c'				'n'				"Mittwoch
{ new List<char> {''				'f'				'l'				'r'				'c'				'h'				"damals
{ new List<char> {''				'f'				'l'				'g'				''				''				"Dienstag
{ new List<char> {''				'f'				'l'				'g'				''				'n'				"Hilfe
{ new List<char> {''				'f'				'l'				'g'				''				'h'				"Mai
{ new List<char> {''				'f'				'l'				'g'				'e'				''				"Markt
{ new List<char> {''				'f'				'l'				'g'				'e'				'n'				"Seit
{ new List<char> {''				'f'				'l'				'g'				'e'				'h'				"Tage
{ new List<char> {''				'f'				'l'				'g'				'c'				''				"Donnerstag
{ new List<char> {''				'f'				'l'				'g'				'c'				'n'				"halten
{ new List<char> {''				'f'				'l'				'g'				'c'				'h'				"gleich
{ new List<char> {''				'f'				''				''				''				''				"nehmen
{ new List<char> {''				'f'				''				''				''				'n'				"solche
{ new List<char> {''				'f'				''				''				''				'h'				"Entscheidung
{ new List<char> {''				'f'				''				''				'e'				''				"besser
{ new List<char> {''				'f'				''				''				'e'				'n'				"alte
{ new List<char> {''				'f'				''				''				'e'				'h'				"Leute
{ new List<char> {''				'f'				''				''				'c'				''				"Ergebnis
{ new List<char> {''				'f'				''				''				'c'				'n'				"Samstag
{ new List<char> {''				'f'				''				''				'c'				'h'				"Daß
{ new List<char> {''				'f'				''				'r'				''				''				"sagen
{ new List<char> {''				'f'				''				'r'				''				'n'				"System
{ new List<char> {''				'f'				''				'r'				''				'h'				"März
{ new List<char> {''				'f'				''				'r'				'e'				''				"tun
{ new List<char> {''				'f'				''				'r'				'e'				'n'				"Monaten
{ new List<char> {''				'f'				''				'r'				'e'				'h'				"kleinen
{ new List<char> {''				'f'				''				'r'				'c'				''				"lang
{ new List<char> {''				'f'				''				'r'				'c'				'n'				"Nicht
{ new List<char> {''				'f'				''				'r'				'c'				'h'				"knapp
{ new List<char> {''				'f'				''				'g'				''				''				"bringen
{ new List<char> {''				'f'				''				'g'				''				'n'				"wissen
{ new List<char> {''				'f'				''				'g'				''				'h'				"Kosten
{ new List<char> {''				'f'				''				'g'				'e'				''				"Erfolg
{ new List<char> {''				'f'				''				'g'				'e'				'n'				"bekannt
{ new List<char> {''				'f'				''				'g'				'e'				'h'				"findet
{ new List<char> {''				'f'				''				'g'				'c'				''				"daran
{ new List<char> {''				'f'				''				'g'				'c'				'n'				"künftig
{ new List<char> {''				'f'				''				'g'				'c'				'h'				"wer
{ new List<char> {''				'f'				'a'				''				''				''				"acht
{ new List<char> {''				'f'				'a'				''				''				'n'				"Grünen
{ new List<char> {''				'f'				'a'				''				''				'h'				"schnell
{ new List<char> {''				'f'				'a'				''				'e'				''				"Grund
{ new List<char> {''				'f'				'a'				''				'e'				'n'				"scheint
{ new List<char> {''				'f'				'a'				''				'e'				'h'				"Zukunft
{ new List<char> {''				'f'				'a'				''				'c'				''				"Stuttgart
{ new List<char> {''				'f'				'a'				''				'c'				'n'				"bin
{ new List<char> {''				'f'				'a'				''				'c'				'h'				"liegen
{ new List<char> {''				'f'				'a'				'r'				''				''				"politischen
{ new List<char> {''				'f'				'a'				'r'				''				'n'				"Gruppe
{ new List<char> {''				'f'				'a'				'r'				''				'h'				"Rolle
{ new List<char> {''				'f'				'a'				'r'				'e'				''				"stellt
{ new List<char> {''				'f'				'a'				'r'				'e'				'n'				"Juni
{ new List<char> {''				'f'				'a'				'r'				'e'				'h'				"sieben
{ new List<char> {''				'f'				'a'				'r'				'c'				''				"September
{ new List<char> {''				'f'				'a'				'r'				'c'				'n'				"nämlich
{ new List<char> {''				'f'				'a'				'r'				'c'				'h'				"Männer
{ new List<char> {''				'f'				'a'				'g'				''				''				"Oktober
{ new List<char> {''				'f'				'a'				'g'				''				'n'				"Mrd
{ new List<char> {''				'f'				'a'				'g'				''				'h'				"überhaupt
{ new List<char> {''				'f'				'a'				'g'				'e'				''				"eigene
{ new List<char> {''				'f'				'a'				'g'				'e'				'n'				"Dann
{ new List<char> {''				'f'				'a'				'g'				'e'				'h'				"gegeben
{ new List<char> {''				'f'				'a'				'g'				'c'				''				"Außerdem
{ new List<char> {''				'f'				'a'				'g'				'c'				'n'				"Stunden
{ new List<char> {''				'f'				'a'				'g'				'c'				'h'				"eigentlich
{ new List<char> {''				'f'				'l'				''				''				''				"Meter
{ new List<char> {''				'f'				'l'				''				''				'n'				"ließ
{ new List<char> {''				'f'				'l'				''				''				'h'				"Probleme
{ new List<char> {''				'f'				'l'				''				'e'				''				"vielleicht
{ new List<char> {''				'f'				'l'				''				'e'				'n'				"ebenso
{ new List<char> {''				'f'				'l'				''				'e'				'h'				"Bereich
{ new List<char> {''				'f'				'l'				''				'c'				''				"zum Beispiel
{ new List<char> {''				'f'				'l'				''				'c'				'n'				"Bis
{ new List<char> {''				'f'				'l'				''				'c'				'h'				"Höhe
{ new List<char> {''				'f'				'l'				'r'				''				''				"Familie
{ new List<char> {''				'f'				'l'				'r'				''				'n'				"Während
{ new List<char> {''				'f'				'l'				'r'				''				'h'				"Bild
{ new List<char> {''				'f'				'l'				'r'				'e'				''				"Ländern
{ new List<char> {''				'f'				'l'				'r'				'e'				'n'				"Informationen
{ new List<char> {''				'f'				'l'				'r'				'e'				'h'				"Frankreich
{ new List<char> {''				'f'				'l'				'r'				'c'				''				"Tagen
{ new List<char> {''				'f'				'l'				'r'				'c'				'n'				"schwer
{ new List<char> {''				'f'				'l'				'r'				'c'				'h'				"zuvor
{ new List<char> {''				'f'				'l'				'g'				''				''				"Vor
{ new List<char> {''				'f'				'l'				'g'				''				'n'				"genau
{ new List<char> {''				'f'				'l'				'g'				''				'h'				"April
{ new List<char> {''				'f'				'l'				'g'				'e'				''				"stellen
{ new List<char> {''				'f'				'l'				'g'				'e'				'n'				"neu
{ new List<char> {''				'f'				'l'				'g'				'e'				'h'				"erwartet
{ new List<char> {''				'f'				'l'				'g'				'c'				''				"Hamburg
{ new List<char> {''				'f'				'l'				'g'				'c'				'n'				"sicher
{ new List<char> {''				'f'				'l'				'g'				'c'				'h'				"führen
{ new List<char> {'i'				''				''				''				''				''				"Mal
{ new List<char> {'i'				''				''				''				''				'n'				"Über
{ new List<char> {'i'				''				''				''				''				'h'				"mehrere
{ new List<char> {'i'				''				''				''				'e'				''				"Wirtschaft
{ new List<char> {'i'				''				''				''				'e'				'n'				"Mio
{ new List<char> {'i'				''				''				''				'e'				'h'				"Programm
{ new List<char> {'i'				''				''				''				'c'				''				"offenbar
{ new List<char> {'i'				''				''				''				'c'				'n'				"Hier
{ new List<char> {'i'				''				''				''				'c'				'h'				"weiteren
{ new List<char> {'i'				''				''				'r'				''				''				"natürlich
{ new List<char> {'i'				''				''				'r'				''				'n'				"konnten
{ new List<char> {'i'				''				''				'r'				''				'h'				"stark
{ new List<char> {'i'				''				''				'r'				'e'				''				"Dezember
{ new List<char> {'i'				''				''				'r'				'e'				'n'				"Juli
{ new List<char> {'i'				''				''				'r'				'e'				'h'				"ganze
{ new List<char> {'i'				''				''				'r'				'c'				''				"kommenden
{ new List<char> {'i'				''				''				'r'				'c'				'n'				"Kunden
{ new List<char> {'i'				''				''				'r'				'c'				'h'				"bekommen
{ new List<char> {'i'				''				''				'g'				''				''				"eben
{ new List<char> {'i'				''				''				'g'				''				'n'				"kleine
{ new List<char> {'i'				''				''				'g'				''				'h'				"trotz
{ new List<char> {'i'				''				''				'g'				'e'				''				"wirklich
{ new List<char> {'i'				''				''				'g'				'e'				'n'				"Lage
{ new List<char> {'i'				''				''				'g'				'e'				'h'				"Länder
{ new List<char> {'i'				''				''				'g'				'c'				''				"leicht
{ new List<char> {'i'				''				''				'g'				'c'				'n'				"gekommen
{ new List<char> {'i'				''				''				'g'				'c'				'h'				"Spiel
{ new List<char> {'i'				''				'a'				''				''				''				"laut
{ new List<char> {'i'				''				'a'				''				''				'n'				"November
{ new List<char> {'i'				''				'a'				''				''				'h'				"kurz
{ new List<char> {'i'				''				'a'				''				'e'				''				"politische
{ new List<char> {'i'				''				'a'				''				'e'				'n'				"führt
{ new List<char> {'i'				''				'a'				''				'e'				'h'				"innerhalb
{ new List<char> {'i'				''				'a'				''				'c'				''				"unsere
{ new List<char> {'i'				''				'a'				''				'c'				'n'				"meint
{ new List<char> {'i'				''				'a'				''				'c'				'h'				"immer wieder
{ new List<char> {'i'				''				'a'				'r'				''				''				"Form
{ new List<char> {'i'				''				'a'				'r'				''				'n'				"Münchner
{ new List<char> {'i'				''				'a'				'r'				''				'h'				"AG
{ new List<char> {'i'				''				'a'				'r'				'e'				''				"anders
{ new List<char> {'i'				''				'a'				'r'				'e'				'n'				"ihres
{ new List<char> {'i'				''				'a'				'r'				'e'				'h'				"völlig
{ new List<char> {'i'				''				'a'				'r'				'c'				''				"beispielsweise
{ new List<char> {'i'				''				'a'				'r'				'c'				'n'				"gute
{ new List<char> {'i'				''				'a'				'r'				'c'				'h'				"bislang
{ new List<char> {'i'				''				'a'				'g'				''				''				"August
{ new List<char> {'i'				''				'a'				'g'				''				'n'				"Hand
{ new List<char> {'i'				''				'a'				'g'				''				'h'				"jede
{ new List<char> {'i'				''				'a'				'g'				'e'				''				"GmbH
{ new List<char> {'i'				''				'a'				'g'				'e'				'n'				"Film
{ new List<char> {'i'				''				'a'				'g'				'e'				'h'				"Minuten
{ new List<char> {'i'				''				'a'				'g'				'c'				''				"erreicht
{ new List<char> {'i'				''				'a'				'g'				'c'				'n'				"beide
{ new List<char> {'i'				''				'a'				'g'				'c'				'h'				"Musik
{ new List<char> {'i'				''				'l'				''				''				''				"Kritik
{ new List<char> {'i'				''				'l'				''				''				'n'				"Mitte
{ new List<char> {'i'				''				'l'				''				''				'h'				"Verfügung
{ new List<char> {'i'				''				'l'				''				'e'				''				"Buch
{ new List<char> {'i'				''				'l'				''				'e'				'n'				"dürfen
{ new List<char> {'i'				''				'l'				''				'e'				'h'				"Unter
{ new List<char> {'i'				''				'l'				''				'c'				''				"jeweils
{ new List<char> {'i'				''				'l'				''				'c'				'n'				"einigen
{ new List<char> {'i'				''				'l'				''				'c'				'h'				"Zum
{ new List<char> {'i'				''				'l'				'r'				''				''				"Umsatz
{ new List<char> {'i'				''				'l'				'r'				''				'n'				"spielen
{ new List<char> {'i'				''				'l'				'r'				''				'h'				"Daten
{ new List<char> {'i'				''				'l'				'r'				'e'				''				"welche
{ new List<char> {'i'				''				'l'				'r'				'e'				'n'				"müßten
{ new List<char> {'i'				''				'l'				'r'				'e'				'h'				"hieß
{ new List<char> {'i'				''				'l'				'r'				'c'				''				"paar
{ new List<char> {'i'				''				'l'				'r'				'c'				'n'				"nachdem
{ new List<char> {'i'				''				'l'				'r'				'c'				'h'				"Kunst
{ new List<char> {'i'				''				'l'				'g'				''				''				"Euro
{ new List<char> {'i'				''				'l'				'g'				''				'n'				"gebracht
{ new List<char> {'i'				''				'l'				'g'				''				'h'				"Problem
{ new List<char> {'i'				''				'l'				'g'				'e'				''				"Noch
{ new List<char> {'i'				''				'l'				'g'				'e'				'n'				"jeden
{ new List<char> {'i'				''				'l'				'g'				'e'				'h'				"Ihre
{ new List<char> {'i'				''				'l'				'g'				'c'				''				"Sprecher
{ new List<char> {'i'				''				'l'				'g'				'c'				'n'				"recht
{ new List<char> {'i'				''				'l'				'g'				'c'				'h'				"erneut
{ new List<char> {'i'				't'				''				''				''				''				"längst
{ new List<char> {'i'				't'				''				''				''				'n'				"europäischen
{ new List<char> {'i'				't'				''				''				''				'h'				"Sein
{ new List<char> {'i'				't'				''				''				'e'				''				"Eltern
{ new List<char> {'i'				't'				''				''				'e'				'n'				"Beginn
{ new List<char> {'i'				't'				''				''				'e'				'h'				"besteht
{ new List<char> {'i'				't'				''				''				'c'				''				"Seine
{ new List<char> {'i'				't'				''				''				'c'				'n'				"mindestens
{ new List<char> {'i'				't'				''				''				'c'				'h'				"machte
{ new List<char> {'i'				't'				''				'r'				''				''				"Jetzt
{ new List<char> {'i'				't'				''				'r'				''				'n'				"bietet
{ new List<char> {'i'				't'				''				'r'				''				'h'				"außerdem
{ new List<char> {'i'				't'				''				'r'				'e'				''				"Bürger
{ new List<char> {'i'				't'				''				'r'				'e'				'n'				"Trainer
{ new List<char> {'i'				't'				''				'r'				'e'				'h'				"bald
{ new List<char> {'i'				't'				''				'r'				'c'				''				"Deutsche
{ new List<char> {'i'				't'				''				'r'				'c'				'n'				"Schon
{ new List<char> {'i'				't'				''				'r'				'c'				'h'				"Fragen
{ new List<char> {'i'				't'				''				'g'				''				''				"klar
{ new List<char> {'i'				't'				''				'g'				''				'n'				"Durch
{ new List<char> {'i'				't'				''				'g'				''				'h'				"Seiten
{ new List<char> {'i'				't'				''				'g'				'e'				''				"gehören
{ new List<char> {'i'				't'				''				'g'				'e'				'n'				"Dort
{ new List<char> {'i'				't'				''				'g'				'e'				'h'				"erstmals
{ new List<char> {'i'				't'				''				'g'				'c'				''				"Februar
{ new List<char> {'i'				't'				''				'g'				'c'				'n'				"zeigen
{ new List<char> {'i'				't'				''				'g'				'c'				'h'				"Titel
{ new List<char> {'i'				't'				'a'				''				''				''				"Stück
{ new List<char> {'i'				't'				'a'				''				''				'n'				"größten
{ new List<char> {'i'				't'				'a'				''				''				'h'				"FDP
{ new List<char> {'i'				't'				'a'				''				'e'				''				"setzt
{ new List<char> {'i'				't'				'a'				''				'e'				'n'				"Wert
{ new List<char> {'i'				't'				'a'				''				'e'				'h'				"Frankfurter
{ new List<char> {'i'				't'				'a'				''				'c'				''				"Staat
{ new List<char> {'i'				't'				'a'				''				'c'				'n'				"möchte
{ new List<char> {'i'				't'				'a'				''				'c'				'h'				"daher
{ new List<char> {'i'				't'				'a'				'r'				''				''				"wolle
{ new List<char> {'i'				't'				'a'				'r'				''				'n'				"Bundesregierung
{ new List<char> {'i'				't'				'a'				'r'				''				'h'				"lediglich
{ new List<char> {'i'				't'				'a'				'r'				'e'				''				"Nacht
{ new List<char> {'i'				't'				'a'				'r'				'e'				'n'				"Krieg
{ new List<char> {'i'				't'				'a'				'r'				'e'				'h'				"Opfer
{ new List<char> {'i'				't'				'a'				'r'				'c'				''				"Tod
{ new List<char> {'i'				't'				'a'				'r'				'c'				'n'				"nimmt
{ new List<char> {'i'				't'				'a'				'r'				'c'				'h'				"Firma
{ new List<char> {'i'				't'				'a'				'g'				''				''				"zuletzt
{ new List<char> {'i'				't'				'a'				'g'				''				'n'				"Werk
{ new List<char> {'i'				't'				'a'				'g'				''				'h'				"hohen
{ new List<char> {'i'				't'				'a'				'g'				'e'				''				"leben
{ new List<char> {'i'				't'				'a'				'g'				'e'				'n'				"unter anderem
{ new List<char> {'i'				't'				'a'				'g'				'e'				'h'				"Dieser
{ new List<char> {'i'				't'				'a'				'g'				'c'				''				"Kirche
{ new List<char> {'i'				't'				'a'				'g'				'c'				'n'				"weiterhin
{ new List<char> {'i'				't'				'a'				'g'				'c'				'h'				"gebe
{ new List<char> {'i'				't'				'l'				''				''				''				"gestellt
{ new List<char> {'i'				't'				'l'				''				''				'n'				"Mitglieder
{ new List<char> {'i'				't'				'l'				''				''				'h'				"Rahmen
{ new List<char> {'i'				't'				'l'				''				'e'				''				"zweite
{ new List<char> {'i'				't'				'l'				''				'e'				'n'				"Paris
{ new List<char> {'i'				't'				'l'				''				'e'				'h'				"Situation
{ new List<char> {'i'				't'				'l'				''				'c'				''				"gefunden
{ new List<char> {'i'				't'				'l'				''				'c'				'n'				"Wochenende
{ new List<char> {'i'				't'				'l'				''				'c'				'h'				"internationalen
{ new List<char> {'i'				't'				'l'				'r'				''				''				"Wasser
{ new List<char> {'i'				't'				'l'				'r'				''				'n'				"Recht
{ new List<char> {'i'				't'				'l'				'r'				''				'h'				"sonst
{ new List<char> {'i'				't'				'l'				'r'				'e'				''				"stand
{ new List<char> {'i'				't'				'l'				'r'				'e'				'n'				"Hälfte
{ new List<char> {'i'				't'				'l'				'r'				'e'				'h'				"Möglichkeit
{ new List<char> {'i'				't'				'l'				'r'				'c'				''				"versucht
{ new List<char> {'i'				't'				'l'				'r'				'c'				'n'				"blieb
{ new List<char> {'i'				't'				'l'				'r'				'c'				'h'				"junge
{ new List<char> {'i'				't'				'l'				'g'				''				''				"Mehrheit
{ new List<char> {'i'				't'				'l'				'g'				''				'n'				"Straße
{ new List<char> {'i'				't'				'l'				'g'				''				'h'				"Sache
{ new List<char> {'i'				't'				'l'				'g'				'e'				''				"arbeiten
{ new List<char> {'i'				't'				'l'				'g'				'e'				'n'				"Monate
{ new List<char> {'i'				't'				'l'				'g'				'e'				'h'				"Mutter
{ new List<char> {'i'				't'				'l'				'g'				'c'				''				"berichtet
{ new List<char> {'i'				't'				'l'				'g'				'c'				'n'				"letzte
{ new List<char> {'i'				't'				'l'				'g'				'c'				'h'				"Gericht
{ new List<char> {'i'				'f'				''				''				''				''				"wollten
{ new List<char> {'i'				'f'				''				''				''				'n'				"Ihr
{ new List<char> {'i'				'f'				''				''				''				'h'				"zwölf
{ new List<char> {'i'				'f'				''				''				'e'				''				"zumindest
{ new List<char> {'i'				'f'				''				''				'e'				'n'				"Wahl
{ new List<char> {'i'				'f'				''				''				'e'				'h'				"genug
{ new List<char> {'i'				'f'				''				''				'c'				''				"Weise
{ new List<char> {'i'				'f'				''				''				'c'				'n'				"Vater
{ new List<char> {'i'				'f'				''				''				'c'				'h'				"Bericht
{ new List<char> {'i'				'f'				''				'r'				''				''				"amerikanischen
{ new List<char> {'i'				'f'				''				'r'				''				'n'				"hoch
{ new List<char> {'i'				'f'				''				'r'				''				'h'				"beginnt
{ new List<char> {'i'				'f'				''				'r'				'e'				''				"Wort
{ new List<char> {'i'				'f'				''				'r'				'e'				'n'				"obwohl
{ new List<char> {'i'				'f'				''				'r'				'e'				'h'				"Kopf
{ new List<char> {'i'				'f'				''				'r'				'c'				''				"spielt
{ new List<char> {'i'				'f'				''				'r'				'c'				'n'				"Interesse
{ new List<char> {'i'				'f'				''				'r'				'c'				'h'				"Westen
{ new List<char> {'i'				'f'				''				'g'				''				''				"verloren
{ new List<char> {'i'				'f'				''				'g'				''				'n'				"Preis
{ new List<char> {'i'				'f'				''				'g'				''				'h'				"Erst
{ new List<char> {'i'				'f'				''				'g'				'e'				''				"jedem
{ new List<char> {'i'				'f'				''				'g'				'e'				'n'				"erreichen
{ new List<char> {'i'				'f'				''				'g'				'e'				'h'				"setzen
{ new List<char> {'i'				'f'				''				'g'				'c'				''				"spricht
{ new List<char> {'i'				'f'				''				'g'				'c'				'n'				"früher
{ new List<char> {'i'				'f'				''				'g'				'c'				'h'				"teilte
{ new List<char> {'i'				'f'				'a'				''				''				''				"Landes
{ new List<char> {'i'				'f'				'a'				''				''				'n'				"zudem
{ new List<char> {'i'				'f'				'a'				''				''				'h'				"einzelnen
{ new List<char> {'i'				'f'				'a'				''				'e'				''				"bereit
{ new List<char> {'i'				'f'				'a'				''				'e'				'n'				"Blick
{ new List<char> {'i'				'f'				'a'				''				'e'				'h'				"Druck
{ new List<char> {'i'				'f'				'a'				''				'c'				''				"Bayern
{ new List<char> {'i'				'f'				'a'				''				'c'				'n'				"Kilometer
{ new List<char> {'i'				'f'				'a'				''				'c'				'h'				"gemeinsam
{ new List<char> {'i'				'f'				'a'				'r'				''				''				"Bedeutung
{ new List<char> {'i'				'f'				'a'				'r'				''				'n'				"Chance
{ new List<char> {'i'				'f'				'a'				'r'				''				'h'				"Politiker
{ new List<char> {'i'				'f'				'a'				'r'				'e'				''				"Dazu
{ new List<char> {'i'				'f'				'a'				'r'				'e'				'n'				"Zwei
{ new List<char> {'i'				'f'				'a'				'r'				'e'				'h'				"besten
{ new List<char> {'i'				'f'				'a'				'r'				'c'				''				"Ansicht
{ new List<char> {'i'				'f'				'a'				'r'				'c'				'n'				"endlich
{ new List<char> {'i'				'f'				'a'				'r'				'c'				'h'				"Stelle
{ new List<char> {'i'				'f'				'a'				'g'				''				''				"direkt
{ new List<char> {'i'				'f'				'a'				'g'				''				'n'				"Beim
{ new List<char> {'i'				'f'				'a'				'g'				''				'h'				"Bevölkerung
{ new List<char> {'i'				'f'				'a'				'g'				'e'				''				"Viele
{ new List<char> {'i'				'f'				'a'				'g'				'e'				'n'				"solchen
{ new List<char> {'i'				'f'				'a'				'g'				'e'				'h'				"Alle
{ new List<char> {'i'				'f'				'a'				'g'				'c'				''				"solle
{ new List<char> {'i'				'f'				'a'				'g'				'c'				'n'				"jungen
{ new List<char> {'i'				'f'				'a'				'g'				'c'				'h'				"Einsatz
{ new List<char> {'i'				'f'				'l'				''				''				''				"richtig
{ new List<char> {'i'				'f'				'l'				''				''				'n'				"größte
{ new List<char> {'i'				'f'				'l'				''				''				'h'				"sofort
{ new List<char> {'i'				'f'				'l'				''				'e'				''				"neuer
{ new List<char> {'i'				'f'				'l'				''				'e'				'n'				"ehemaligen
{ new List<char> {'i'				'f'				'l'				''				'e'				'h'				"unserer
{ new List<char> {'i'				'f'				'l'				''				'c'				''				"dürfte
{ new List<char> {'i'				'f'				'l'				''				'c'				'n'				"schaffen
{ new List<char> {'i'				'f'				'l'				''				'c'				'h'				"Augen
{ new List<char> {'i'				'f'				'l'				'r'				''				''				"Rußland
{ new List<char> {'i'				'f'				'l'				'r'				''				'n'				"Internet
{ new List<char> {'i'				'f'				'l'				'r'				''				'h'				"Allerdings
{ new List<char> {'i'				'f'				'l'				'r'				'e'				''				"Raum
{ new List<char> {'i'				'f'				'l'				'r'				'e'				'n'				"Mannschaft
{ new List<char> {'i'				'f'				'l'				'r'				'e'				'h'				"neun
{ new List<char> {'i'				'f'				'l'				'r'				'c'				''				"kamen
{ new List<char> {'i'				'f'				'l'				'r'				'c'				'n'				"Ausstellung
{ new List<char> {'i'				'f'				'l'				'r'				'c'				'h'				"Zeiten
{ new List<char> {'i'				'f'				'l'				'g'				''				''				"Dem
{ new List<char> {'i'				'f'				'l'				'g'				''				'n'				"einzige
{ new List<char> {'i'				'f'				'l'				'g'				''				'h'				"meine
{ new List<char> {'i'				'f'				'l'				'g'				'e'				''				"Nun
{ new List<char> {'i'				'f'				'l'				'g'				'e'				'n'				"Verfahren
{ new List<char> {'i'				'f'				'l'				'g'				'e'				'h'				"Angebot
{ new List<char> {'i'				'f'				'l'				'g'				'c'				''				"Richtung
{ new List<char> {'i'				'f'				'l'				'g'				'c'				'n'				"Projekt
{ new List<char> {'i'				'f'				'l'				'g'				'c'				'h'				"niemand
{ new List<char> {'i'				'f'				''				''				''				''				"Kampf
{ new List<char> {'i'				'f'				''				''				''				'n'				"weder
{ new List<char> {'i'				'f'				''				''				''				'h'				"tatsächlich
{ new List<char> {'i'				'f'				''				''				'e'				''				"Personen
{ new List<char> {'i'				'f'				''				''				'e'				'n'				"dpa
{ new List<char> {'i'				'f'				''				''				'e'				'h'				"Heute
{ new List<char> {'i'				'f'				''				''				'c'				''				"geführt
{ new List<char> {'i'				'f'				''				''				'c'				'n'				"Gespräch
{ new List<char> {'i'				'f'				''				''				'c'				'h'				"Kreis
{ new List<char> {'i'				'f'				''				'r'				''				''				"Hamburger
{ new List<char> {'i'				'f'				''				'r'				''				'n'				"Schule
{ new List<char> {'i'				'f'				''				'r'				''				'h'				"guten
{ new List<char> {'i'				'f'				''				'r'				'e'				''				"Hauptstadt
{ new List<char> {'i'				'f'				''				'r'				'e'				'n'				"durchaus
{ new List<char> {'i'				'f'				''				'r'				'e'				'h'				"Zusammenarbeit
{ new List<char> {'i'				'f'				''				'r'				'c'				''				"darin
{ new List<char> {'i'				'f'				''				'r'				'c'				'n'				"Amt
{ new List<char> {'i'				'f'				''				'r'				'c'				'h'				"Schritt
{ new List<char> {'i'				'f'				''				'g'				''				''				"meist
{ new List<char> {'i'				'f'				''				'g'				''				'n'				"groß
{ new List<char> {'i'				'f'				''				'g'				''				'h'				"zufolge
{ new List<char> {'i'				'f'				''				'g'				'e'				''				"Sprache
{ new List<char> {'i'				'f'				''				'g'				'e'				'n'				"Region
{ new List<char> {'i'				'f'				''				'g'				'e'				'h'				"Punkte
{ new List<char> {'i'				'f'				''				'g'				'c'				''				"Vergleich
{ new List<char> {'i'				'f'				''				'g'				'c'				'n'				"genommen
{ new List<char> {'i'				'f'				''				'g'				'c'				'h'				"gleichen
{ new List<char> {'i'				'f'				'a'				''				''				''				"du
{ new List<char> {'i'				'f'				'a'				''				''				'n'				"Ob
{ new List<char> {'i'				'f'				'a'				''				''				'h'				"Soldaten
{ new List<char> {'i'				'f'				'a'				''				'e'				''				"Universität
{ new List<char> {'i'				'f'				'a'				''				'e'				'n'				"verschiedenen
{ new List<char> {'i'				'f'				'a'				''				'e'				'h'				"Kollegen
{ new List<char> {'i'				'f'				'a'				''				'c'				''				"neues
{ new List<char> {'i'				'f'				'a'				''				'c'				'n'				"Bürgermeister
{ new List<char> {'i'				'f'				'a'				''				'c'				'h'				"Angst
{ new List<char> {'i'				'f'				'a'				'r'				''				''				"stellte
{ new List<char> {'i'				'f'				'a'				'r'				''				'n'				"Sommer
{ new List<char> {'i'				'f'				'a'				'r'				''				'h'				"danach
{ new List<char> {'i'				'f'				'a'				'r'				'e'				''				"anderer
{ new List<char> {'i'				'f'				'a'				'r'				'e'				'n'				"gesagt
{ new List<char> {'i'				'f'				'a'				'r'				'e'				'h'				"Sicherheit
{ new List<char> {'i'				'f'				'a'				'r'				'c'				''				"Macht
{ new List<char> {'i'				'f'				'a'				'r'				'c'				'n'				"Bau
{ new List<char> {'i'				'f'				'a'				'r'				'c'				'h'				"handelt
{ new List<char> {'i'				'f'				'a'				'g'				''				''				"Folge
{ new List<char> {'i'				'f'				'a'				'g'				''				'n'				"Bilder
{ new List<char> {'i'				'f'				'a'				'g'				''				'h'				"lag
{ new List<char> {'i'				'f'				'a'				'g'				'e'				''				"Osten
{ new List<char> {'i'				'f'				'a'				'g'				'e'				'n'				"Handel
{ new List<char> {'i'				'f'				'a'				'g'				'e'				'h'				"sprach
{ new List<char> {'i'				'f'				'a'				'g'				'c'				''				"Aufgabe
{ new List<char> {'i'				'f'				'a'				'g'				'c'				'n'				"Chef
{ new List<char> {'i'				'f'				'a'				'g'				'c'				'h'				"frei
{ new List<char> {'i'				'f'				'l'				''				''				''				"dennoch
{ new List<char> {'i'				'f'				'l'				''				''				'n'				"DDR
{ new List<char> {'i'				'f'				'l'				''				''				'h'				"hohe
{ new List<char> {'i'				'f'				'l'				''				'e'				''				"Firmen
{ new List<char> {'i'				'f'				'l'				''				'e'				'n'				"bzw
{ new List<char> {'i'				'f'				'l'				''				'e'				'h'				"Koalition
{ new List<char> {'i'				'f'				'l'				''				'c'				''				"Mädchen
{ new List<char> {'i'				'f'				'l'				''				'c'				'n'				"Zur
{ new List<char> {'i'				'f'				'l'				''				'c'				'h'				"entwickelt
{ new List<char> {'i'				'f'				'l'				'r'				''				''				"fand
{ new List<char> {'i'				'f'				'l'				'r'				''				'n'				"Diskussion
{ new List<char> {'i'				'f'				'l'				'r'				''				'h'				"bringt
{ new List<char> {'i'				'f'				'l'				'r'				'e'				''				"Deshalb
{ new List<char> {'i'				'f'				'l'				'r'				'e'				'n'				"Hause
{ new List<char> {'i'				'f'				'l'				'r'				'e'				'h'				"Gefahr
{ new List<char> {'i'				'f'				'l'				'r'				'c'				''				"per
{ new List<char> {'i'				'f'				'l'				'r'				'c'				'n'				"zugleich
{ new List<char> {'i'				'f'				'l'				'r'				'c'				'h'				"früheren
{ new List<char> {'i'				'f'				'l'				'g'				''				''				"dadurch
{ new List<char> {'i'				'f'				'l'				'g'				''				'n'				"ganzen
{ new List<char> {'i'				'f'				'l'				'g'				''				'h'				"abend
{ new List<char> {'i'				'f'				'l'				'g'				'e'				''				"erzählt
{ new List<char> {'i'				'f'				'l'				'g'				'e'				'n'				"Streit
{ new List<char> {'i'				'f'				'l'				'g'				'e'				'h'				"Vergangenheit
{ new List<char> {'i'				'f'				'l'				'g'				'c'				''				"Parteien
{ new List<char> {'i'				'f'				'l'				'g'				'c'				'n'				"Verhandlungen
{ new List<char> {'i'				'f'				'l'				'g'				'c'				'h'				"jedenfalls
{ new List<char> {'i'				'f'				''				''				''				''				"gesehen
{ new List<char> {'i'				'f'				''				''				''				'n'				"französischen
{ new List<char> {'i'				'f'				''				''				''				'h'				"Trotz
{ new List<char> {'i'				'f'				''				''				'e'				''				"darunter
{ new List<char> {'i'				'f'				''				''				'e'				'n'				"Spieler
{ new List<char> {'i'				'f'				''				''				'e'				'h'				"forderte
{ new List<char> {'i'				'f'				''				''				'c'				''				"Beispiel
{ new List<char> {'i'				'f'				''				''				'c'				'n'				"Meinung
{ new List<char> {'i'				'f'				''				''				'c'				'h'				"wenigen
{ new List<char> {'i'				'f'				''				'r'				''				''				"Publikum
{ new List<char> {'i'				'f'				''				'r'				''				'n'				"sowohl
{ new List<char> {'i'				'f'				''				'r'				''				'h'				"meinte
{ new List<char> {'i'				'f'				''				'r'				'e'				''				"mag
{ new List<char> {'i'				'f'				''				'r'				'e'				'n'				"Auto
{ new List<char> {'i'				'f'				''				'r'				'e'				'h'				"Lösung
{ new List<char> {'i'				'f'				''				'r'				'c'				''				"Boden
{ new List<char> {'i'				'f'				''				'r'				'c'				'n'				"Einen
{ new List<char> {'i'				'f'				''				'r'				'c'				'h'				"Präsidenten
{ new List<char> {'i'				'f'				''				'g'				''				''				"hinaus
{ new List<char> {'i'				'f'				''				'g'				''				'n'				"Zwar
{ new List<char> {'i'				'f'				''				'g'				''				'h'				"verletzt
{ new List<char> {'i'				'f'				''				'g'				'e'				''				"weltweit
{ new List<char> {'i'				'f'				''				'g'				'e'				'n'				"Sohn
{ new List<char> {'i'				'f'				''				'g'				'e'				'h'				"bevor
{ new List<char> {'i'				'f'				''				'g'				'c'				''				"Peter
{ new List<char> {'i'				'f'				''				'g'				'c'				'n'				"mußten
{ new List<char> {'i'				'f'				''				'g'				'c'				'h'				"keiner
{ new List<char> {'i'				'f'				'a'				''				''				''				"Produktion
{ new List<char> {'i'				'f'				'a'				''				''				'n'				"Ort
{ new List<char> {'i'				'f'				'a'				''				''				'h'				"braucht
{ new List<char> {'i'				'f'				'a'				''				'e'				''				"Zusammenhang
{ new List<char> {'i'				'f'				'a'				''				'e'				'n'				"Kind
{ new List<char> {'i'				'f'				'a'				''				'e'				'h'				"Verein
{ new List<char> {'i'				'f'				'a'				''				'c'				''				"sprechen
{ new List<char> {'i'				'f'				'a'				''				'c'				'n'				"Aktien
{ new List<char> {'i'				'f'				'a'				''				'c'				'h'				"gleichzeitig
{ new List<char> {'i'				'f'				'a'				'r'				''				''				"London
{ new List<char> {'i'				'f'				'a'				'r'				''				'n'				"sogenannten
{ new List<char> {'i'				'f'				'a'				'r'				''				'h'				"Richter
{ new List<char> {'i'				'f'				'a'				'r'				'e'				''				"geplant
{ new List<char> {'i'				'f'				'a'				'r'				'e'				'n'				"Italien
{ new List<char> {'i'				'f'				'a'				'r'				'e'				'h'				"Mittel
{ new List<char> {'i'				'f'				'a'				'r'				'c'				''				"her
{ new List<char> {'i'				'f'				'a'				'r'				'c'				'n'				"freilich
{ new List<char> {'i'				'f'				'a'				'r'				'c'				'h'				"Mensch
{ new List<char> {'i'				'f'				'a'				'g'				''				''				"großer
{ new List<char> {'i'				'f'				'a'				'g'				''				'n'				"Bonner
{ new List<char> {'i'				'f'				'a'				'g'				''				'h'				"wenige
{ new List<char> {'i'				'f'				'a'				'g'				'e'				''				"öffentlichen
{ new List<char> {'i'				'f'				'a'				'g'				'e'				'n'				"Unterstützung
{ new List<char> {'i'				'f'				'a'				'g'				'e'				'h'				"dritten
{ new List<char> {'i'				'f'				'a'				'g'				'c'				''				"nahm
{ new List<char> {'i'				'f'				'a'				'g'				'c'				'n'				"Bundesrepublik
{ new List<char> {'i'				'f'				'a'				'g'				'c'				'h'				"Arbeitsplätze
{ new List<char> {'i'				'f'				'l'				''				''				''				"bedeutet
{ new List<char> {'i'				'f'				'l'				''				''				'n'				"Feld
{ new List<char> {'i'				'f'				'l'				''				''				'h'				"Dr.
{ new List<char> {'i'				'f'				'l'				''				'e'				''				"Bank
{ new List<char> {'i'				'f'				'l'				''				'e'				'n'				"oben
{ new List<char> {'i'				'f'				'l'				''				'e'				'h'				"gesetzt
{ new List<char> {'i'				'f'				'l'				''				'c'				''				"Ausland
{ new List<char> {'i'				'f'				'l'				''				'c'				'n'				"Ministerpräsident
{ new List<char> {'i'				'f'				'l'				''				'c'				'h'				"Vertreter
{ new List<char> {'i'				'f'				'l'				'r'				''				''				"z.B.
{ new List<char> {'i'				'f'				'l'				'r'				''				'n'				"jedes
{ new List<char> {'i'				'f'				'l'				'r'				''				'h'				"ziehen
{ new List<char> {'i'				'f'				'l'				'r'				'e'				''				"Parlament
{ new List<char> {'i'				'f'				'l'				'r'				'e'				'n'				"berichtete
{ new List<char> {'i'				'f'				'l'				'r'				'e'				'h'				"Dieses
{ new List<char> {'i'				'f'				'l'				'r'				'c'				''				"China
{ new List<char> {'i'				'f'				'l'				'r'				'c'				'n'				"aufgrund
{ new List<char> {'i'				'f'				'l'				'r'				'c'				'h'				"Stellen
{ new List<char> {'i'				'f'				'l'				'g'				''				''				"warum
{ new List<char> {'i'				'f'				'l'				'g'				''				'n'				"Kindern
{ new List<char> {'i'				'f'				'l'				'g'				''				'h'				"heraus
{ new List<char> {'i'				'f'				'l'				'g'				'e'				''				"heutigen
{ new List<char> {'i'				'f'				'l'				'g'				'e'				'n'				"Anteil
{ new List<char> {'i'				'f'				'l'				'g'				'e'				'h'				"Herr
{ new List<char> {'i'				'f'				'l'				'g'				'c'				''				"Öffentlichkeit
{ new List<char> {'i'				'f'				'l'				'g'				'c'				'n'				"Abend
{ new List<char> {'i'				'f'				'l'				'g'				'c'				'h'				"Selbst
{ new List<char> {'i'				'f'				''				''				''				''				"Liebe
{ new List<char> {'i'				'f'				''				''				''				'n'				"Neben
{ new List<char> {'i'				'f'				''				''				''				'h'				"rechnen
{ new List<char> {'i'				'f'				''				''				'e'				''				"fällt
{ new List<char> {'i'				'f'				''				''				'e'				'n'				"New York
{ new List<char> {'i'				'f'				''				''				'e'				'h'				"Industrie
{ new List<char> {'i'				'f'				''				''				'c'				''				"WELT
{ new List<char> {'i'				'f'				''				''				'c'				'n'				"Stuttgarter
{ new List<char> {'i'				'f'				''				''				'c'				'h'				"wären
{ new List<char> {'i'				'f'				''				'r'				''				''				"Vorjahr
{ new List<char> {'i'				'f'				''				'r'				''				'n'				"Sicht
{ new List<char> {'i'				'f'				''				'r'				''				'h'				"Idee
{ new List<char> {'i'				'f'				''				'r'				'e'				''				"Banken
{ new List<char> {'i'				'f'				''				'r'				'e'				'n'				"verlassen
{ new List<char> {'i'				'f'				''				'r'				'e'				'h'				"Leiter
{ new List<char> {'i'				'f'				''				'r'				'c'				''				"Bühne
{ new List<char> {'i'				'f'				''				'r'				'c'				'n'				"insbesondere
{ new List<char> {'i'				'f'				''				'r'				'c'				'h'				"offen
{ new List<char> {'i'				'f'				''				'g'				''				''				"stets
{ new List<char> {'i'				'f'				''				'g'				''				'n'				"Theater
{ new List<char> {'i'				'f'				''				'g'				''				'h'				"ändern
{ new List<char> {'i'				'f'				''				'g'				'e'				''				"entschieden
{ new List<char> {'i'				'f'				''				'g'				'e'				'n'				"Staaten
{ new List<char> {'i'				'f'				''				'g'				'e'				'h'				"Experten
{ new List<char> {'i'				'f'				''				'g'				'c'				''				"Gesetz
{ new List<char> {'i'				'f'				''				'g'				'c'				'n'				"Geschäft
{ new List<char> {'i'				'f'				''				'g'				'c'				'h'				"Tochter
{ new List<char> {'i'				'f'				'a'				''				''				''				"angesichts
{ new List<char> {'i'				'f'				'a'				''				''				'n'				"gelten
{ new List<char> {'i'				'f'				'a'				''				''				'h'				"Mehr
{ new List<char> {'i'				'f'				'a'				''				'e'				''				"erwarten
{ new List<char> {'i'				'f'				'a'				''				'e'				'n'				"läuft
{ new List<char> {'i'				'f'				'a'				''				'e'				'h'				"fordert
{ new List<char> {'i'				'f'				'a'				''				'c'				''				"Japan
{ new List<char> {'i'				'f'				'a'				''				'c'				'n'				"Sieg
{ new List<char> {'i'				'f'				'a'				''				'c'				'h'				"Ist
{ new List<char> {'i'				'f'				'a'				'r'				''				''				"Stimmen
{ new List<char> {'i'				'f'				'a'				'r'				''				'n'				"wählen
{ new List<char> {'i'				'f'				'a'				'r'				''				'h'				"russischen
{ new List<char> {'i'				'f'				'a'				'r'				'e'				''				"gewinnen
{ new List<char> {'i'				'f'				'a'				'r'				'e'				'n'				"CSU
{ new List<char> {'i'				'f'				'a'				'r'				'e'				'h'				"bieten
{ new List<char> {'i'				'f'				'a'				'r'				'c'				''				"Nähe
{ new List<char> {'i'				'f'				'a'				'r'				'c'				'n'				"jährlich
{ new List<char> {'i'				'f'				'a'				'r'				'c'				'h'				"Bremen
{ new List<char> {'i'				'f'				'a'				'g'				''				''				"Schüler
{ new List<char> {'i'				'f'				'a'				'g'				''				'n'				"Rede
{ new List<char> {'i'				'f'				'a'				'g'				''				'h'				"Funktion
{ new List<char> {'i'				'f'				'a'				'g'				'e'				''				"Zuschauer
{ new List<char> {'i'				'f'				'a'				'g'				'e'				'n'				"hingegen
{ new List<char> {'i'				'f'				'a'				'g'				'e'				'h'				"anderes
{ new List<char> {'i'				'f'				'a'				'g'				'c'				''				"Führung
{ new List<char> {'i'				'f'				'a'				'g'				'c'				'n'				"Besucher
{ new List<char> {'i'				'f'				'a'				'g'				'c'				'h'				"Drittel
{ new List<char> {'i'				'f'				'l'				''				''				''				"Moskau
{ new List<char> {'i'				'f'				'l'				''				''				'n'				"immerhin
{ new List<char> {'i'				'f'				'l'				''				''				'h'				"Vorsitzende
{ new List<char> {'i'				'f'				'l'				''				'e'				''				"Urteil
{ new List<char> {'i'				'f'				'l'				''				'e'				'n'				"Schließlich
{ new List<char> {'i'				'f'				'l'				''				'e'				'h'				"Kultur
{ new List<char> {'i'				'f'				'l'				''				'c'				''				"betonte
{ new List<char> {'i'				'f'				'l'				''				'c'				'n'				"mittlerweile
{ new List<char> {'i'				'f'				'l'				''				'c'				'h'				"Saison
{ new List<char> {'i'				'f'				'l'				'r'				''				''				"Konzept
{ new List<char> {'i'				'f'				'l'				'r'				''				'n'				"suchen
{ new List<char> {'i'				'f'				'l'				'r'				''				'h'				"Zahlen
{ new List<char> {'i'				'f'				'l'				'r'				'e'				''				"Roman
{ new List<char> {'i'				'f'				'l'				'r'				'e'				'n'				"Gewalt
{ new List<char> {'i'				'f'				'l'				'r'				'e'				'h'				"Köln
{ new List<char> {'i'				'f'				'l'				'r'				'c'				''				"gesamte
{ new List<char> {'i'				'f'				'l'				'r'				'c'				'n'				"indem
{ new List<char> {'i'				'f'				'l'				'r'				'c'				'h'				"EU
{ new List<char> {'i'				'f'				'l'				'g'				''				''				"Stunde
{ new List<char> {'i'				'f'				'l'				'g'				''				'n'				"ehemalige
{ new List<char> {'i'				'f'				'l'				'g'				''				'h'				"Auftrag
{ new List<char> {'i'				'f'				'l'				'g'				'e'				''				"entscheiden
{ new List<char> {'i'				'f'				'l'				'g'				'e'				'n'				"genannt
{ new List<char> {'i'				'f'				'l'				'g'				'e'				'h'				"tragen
{ new List<char> {'i'				'f'				'l'				'g'				'c'				''				"Börse
{ new List<char> {'i'				'f'				'l'				'g'				'c'				'n'				"langen
{ new List<char> {'i'				'f'				'l'				'g'				'c'				'h'				"häufig
{ new List<char> {'v'				''				''				''				''				''				"Chancen
{ new List<char> {'v'				''				''				''				''				'n'				"Vor allem
{ new List<char> {'v'				''				''				''				''				'h'				"Position
{ new List<char> {'v'				''				''				''				'e'				''				"alt
{ new List<char> {'v'				''				''				''				'e'				'n'				"Luft
{ new List<char> {'v'				''				''				''				'e'				'h'				"Studenten
{ new List<char> {'v'				''				''				''				'c'				''				"übernehmen
{ new List<char> {'v'				''				''				''				'c'				'n'				"stärker
{ new List<char> {'v'				''				''				''				'c'				'h'				"ohnehin
{ new List<char> {'v'				''				''				'r'				''				''				"zeigte
{ new List<char> {'v'				''				''				'r'				''				'n'				"geplanten
{ new List<char> {'v'				''				''				'r'				''				'h'				"Reihe
{ new List<char> {'v'				''				''				'r'				'e'				''				"darum
{ new List<char> {'v'				''				''				'r'				'e'				'n'				"verhindern
{ new List<char> {'v'				''				''				'r'				'e'				'h'				"begann
{ new List<char> {'v'				''				''				'r'				'c'				''				"Medien
{ new List<char> {'v'				''				''				'r'				'c'				'n'				"verkauft
{ new List<char> {'v'				''				''				'r'				'c'				'h'				"Minister
{ new List<char> {'v'				''				''				'g'				''				''				"wichtig
{ new List<char> {'v'				''				''				'g'				''				'n'				"amerikanische
{ new List<char> {'v'				''				''				'g'				''				'h'				"sah
{ new List<char> {'v'				''				''				'g'				'e'				''				"gesamten
{ new List<char> {'v'				''				''				'g'				'e'				'n'				"einst
{ new List<char> {'v'				''				''				'g'				'e'				'h'				"verwendet
{ new List<char> {'v'				''				''				'g'				'c'				''				"vorbei
{ new List<char> {'v'				''				''				'g'				'c'				'n'				"Behörden
{ new List<char> {'v'				''				''				'g'				'c'				'h'				"helfen
{ new List<char> {'v'				''				'a'				''				''				''				"Folgen
{ new List<char> {'v'				''				'a'				''				''				'n'				"bezeichnet
